minsector_id,pred
129367,2.0164005756378174
119855,1.6238270998001099
147404,1.7887752056121826
138775,1.3954708576202393
145679,1.472632646560669
126217,0.8497507572174072
136211,1.8502510786056519
129980,1.7334398031234741
150595,1.0500941276550293
125964,1.5075907707214355
120024,1.5984870195388794
138529,1.7055076360702515
144422,1.4304739236831665
143529,1.3847460746765137
145025,1.4449647665023804
142509,1.6041806936264038
129930,1.9882831573486328
138225,1.845047950744629
143091,1.7043880224227905
121774,1.6892192363739014
161243,1.7875123023986816
144758,1.0501285791397095
257695,1.8122780323028564
144706,1.5166794061660767
141293,1.9906097650527954
124259,1.685102939605713
148764,1.0748326778411865
134637,1.8009177446365356
144909,1.2552233934402466
151771,1.637738585472107
134238,2.0069363117218018
140762,1.656317949295044
139192,1.0682259798049927
144838,1.6485230922698975
140720,1.867742657661438
140365,1.5888280868530273
140582,1.657914161682129
131223,1.8321863412857056
148170,0.49058640003204346
150573,1.1438758373260498
144407,1.5572245121002197
149182,1.611815094947815
241012,1.9406176805496216
123018,1.6790990829467773
137384,1.6363691091537476
134397,2.072746753692627
138140,2.0275657176971436
131294,2.075937032699585
123103,2.129223585128784
147280,1.5688961744308472
149786,2.156996011734009
132641,2.216460704803467
148186,1.2141683101654053
127028,1.4194459915161133
125470,1.6195825338363647
148531,2.1246085166931152
130661,1.7619097232818604
125299,1.7524112462997437
138450,1.5657517910003662
129282,1.810745358467102
138461,1.7814970016479492
150525,1.076696515083313
126845,1.9584635496139526
120093,1.5531108379364014
120087,1.4119454622268677
135149,1.6259099245071411
122840,1.4067052602767944
155220,0.7076492309570312
123948,1.3503977060317993
143324,1.733109712600708
139946,1.7875899076461792
143603,1.59443199634552
148187,1.3262656927108765
126638,2.1096761226654053
120040,1.5197687149047852
135363,2.049177885055542
149194,1.6694629192352295
147266,1.7149038314819336
155232,1.060499906539917
131267,2.2952749729156494
160375,1579.1597900390625
139284,1.490443468093872
129755,2.1173226833343506
154239,1.1173830032348633
120020,1.9477430582046509
157053,0.8645585179328918
148914,0.8071330785751343
157048,0.8755655884742737
142354,1.2804702520370483
144896,1.4108824729919434
123117,1.1065561771392822
160005,2.006993293762207
143288,1.482251763343811
123969,1.7940168380737305
136810,1.5139636993408203
137892,1.671730875968933
137157,1.6881895065307617
126584,1.7978293895721436
137668,1.953358769416809
155136,1.1623563766479492
121078,1.1710453033447266
127565,1.2014302015304565
127824,0.8395717144012451
143124,1.5224590301513672
129543,2.0665335655212402
128024,1.3193031549453735
126012,1.531911849975586
120457,0.9702960848808289
162454,1.138324499130249
120039,1.7946492433547974
126993,2.011749267578125
142572,1.642424464225769
120146,1.1343594789505005
138246,1.8816503286361694
148784,0.7615365982055664
130832,2.1952292919158936
129335,1.6270841360092163
156043,0.8556772470474243
131768,2.470028877258301
122433,1.9319188594818115
127054,1.9277147054672241
136096,1.2450534105300903
145927,1.8899279832839966
151022,1.4791136980056763
132221,2.1679697036743164
123500,1.3459632396697998
145852,1.6426887512207031
125720,1.3717869520187378
133791,1.6114356517791748
138356,1.974242925643921
131810,1.635988473892212
138278,1.8726009130477905
139247,2.4133894443511963
161233,1.3334987163543701
143080,1.5153285264968872
126796,0.9738174676895142
144871,1.731352686882019
140637,1.6193803548812866
126201,2.135770320892334
120953,1.005428433418274
145271,1.4936467409133911
123033,1.3642492294311523
140439,1.6230480670928955
140351,1.6967697143554688
152439,1.616707682609558
132318,1.6646013259887695
136540,1.5135514736175537
158006,1.5422691106796265
143840,1.8773486614227295
144806,1.741930603981018
147534,1.899664044380188
142912,1.528849482536316
138112,2.076669454574585
148756,0.7084292769432068
148583,0.8618177175521851
138767,1.8619825839996338
139893,1.6918543577194214
119546,1.6748206615447998
139437,1.558225154876709
160166,1.3349584341049194
147897,1.2434840202331543
147979,1.8256210088729858
120180,2.1562659740448
140043,1.764997959136963
122289,1.0749388933181763
126847,1.4691768884658813
158657,1.4708839654922485
148899,0.712895929813385
126655,1.8463414907455444
138788,1.422803282737732
147917,1.0937315225601196
124766,1.9871271848678589
129207,2.154911994934082
144849,1.8665194511413574
138176,1.8455097675323486
128053,0.8018431663513184
119953,1.9460793733596802
122819,2.0274760723114014
130784,2.0728182792663574
155516,1.9887229204177856
161425,1.352617859840393
134507,2.1186866760253906
146154,1.8030208349227905
127949,1.804136037826538
244246,1.0775948762893677
134187,2.2115235328674316
139977,1.7347584962844849
159581,1.3643747568130493
124095,1.5565940141677856
157572,0.921726405620575
135251,1.8731281757354736
141340,1.7981106042861938
123241,1.7285115718841553
139189,1.6314971446990967
126300,1.2809288501739502
138947,1.3013237714767456
151438,0.7997934818267822
135377,3.225189208984375
134505,2.0934576988220215
154054,1.4652718305587769
141281,1.4440699815750122
144478,1.0044445991516113
129652,2.0476510524749756
142217,1.1417808532714844
120950,2.3903450965881348
147919,1.0293285846710205
134886,1.862786054611206
129748,1.971500039100647
156703,1.5193113088607788
119912,1.7884668111801147
148778,0.7358464002609253
147943,1.095931053161621
122459,1.8301783800125122
142589,1.8271830081939697
155935,1.6889736652374268
129129,2.1482186317443848
158160,1.3176910877227783
150576,0.7921713590621948
127582,1.0100376605987549
251183,1.7516742944717407
135953,2.0341649055480957
144939,1.5395694971084595
120451,1.3546605110168457
127300,1.5900840759277344
145657,1.8225171566009521
151011,1.8384486436843872
151592,1.5591684579849243
147278,1.4631872177124023
123210,1.4529364109039307
129768,2.0884392261505127
133608,2.015042781829834
145584,1.60263991355896
251132,1.4045913219451904
123076,1.13881516456604
139010,1.6675214767456055
134384,1.849473476409912
119733,2.0025546550750732
147352,1.8953779935836792
120263,2.219224452972412
146226,1.5303432941436768
123898,1.019473671913147
133840,1.8965708017349243
138262,1.4478834867477417
120108,1.9453374147415161
128741,1.6131434440612793
120952,1.3001604080200195
142480,2.046961784362793
250792,0.9708617329597473
149482,1.3788872957229614
135320,1.991174340248108
137834,1.8865516185760498
257135,1.7374354600906372
143304,1.8747639656066895
139249,1.9010497331619263
119865,2.227574348449707
134686,1.9806441068649292
125994,0.9555678963661194
139564,1.6116403341293335
122539,2.0811784267425537
127893,1.7248198986053467
143262,1.829797387123108
119475,1.5566667318344116
138563,1.7268550395965576
126901,1.366288661956787
138425,1.9345431327819824
129269,2.049996852874756
148028,1.3548927307128906
132321,2.1217100620269775
140742,1.7508352994918823
119473,1.1778020858764648
144527,1.0832833051681519
124348,2.003300189971924
140806,1.4743882417678833
121904,1.4100114107131958
240123,1.623935341835022
150064,1.3311322927474976
146843,1.697748064994812
141330,1.7938551902770996
123125,1.5120084285736084
120118,1.5080558061599731
137604,1.6200244426727295
152178,1.7530276775360107
135365,1.477660059928894
144898,0.8953315019607544
129316,1.7443262338638306
133839,1.5624669790267944
128908,1.6869823932647705
146126,1.577620506286621
136599,1.748860478401184
127898,1.6845721006393433
123973,1.6722209453582764
147602,1.9627337455749512
140760,1.6472266912460327
129295,2.5186309814453125
147300,2.0121161937713623
147898,1.1206659078598022
151676,1.029422640800476
119468,1.6642959117889404
131965,1.8981311321258545
123461,2.1037254333496094
137410,2.044619560241699
119469,2.034728527069092
123959,1.7984074354171753
135118,1.5640150308609009
120073,1.5626088380813599
134291,2.2336294651031494
138341,1.6884182691574097
122983,1.760838270187378
140616,1.905377984046936
148048,1.393352746963501
126999,1.8518060445785522
144825,1.6534847021102905
148599,0.9332632422447205
130332,1.9506237506866455
132096,1.9429000616073608
140428,1.6443594694137573
126422,1.1631674766540527
125650,433.3780822753906
139888,1.6909867525100708
143968,2.491551399230957
124535,1.7090243101119995
134259,2.3091461658477783
144780,1.6228322982788086
123669,1.6437604427337646
136853,1.1440362930297852
142545,1.120235562324524
123894,1.8565407991409302
125488,1.3831901550292969
119736,0.7640222907066345
134144,1.7013132572174072
132364,2.026995897293091
144063,2.0115489959716797
132702,2.085846185684204
125057,2.294365167617798
124308,2.1618762016296387
120096,1.6188373565673828
139939,1.9008777141571045
135181,1.756027340888977
133755,1.8930158615112305
136293,1.5888999700546265
133615,1.9654988050460815
135233,1.6730079650878906
139201,1.630589246749878
128080,1.764428734779358
127662,1.4961307048797607
136067,1.9331005811691284
120133,0.9913473725318909
134911,2.0839736461639404
162274,1.298470377922058
140635,1.620768427848816
125029,1.6221740245819092
140818,1.7654492855072021
129157,1.992762804031372
119893,1.6404879093170166
147881,1.5827569961547852
137639,1.8863592147827148
129201,1.9276708364486694
120236,0.6910962462425232
119960,1.3198730945587158
144882,1.4580026865005493
121215,1.7713050842285156
143214,1.1135663986206055
124390,2.0965471267700195
138588,2.007045269012451
125592,1.4620771408081055
124172,0.7577927112579346
157303,1.7738676071166992
135253,1.79787015914917
120448,1.9570077657699585
129134,2.0482208728790283
140858,1.7287582159042358
144759,1.0459586381912231
128187,1.7951163053512573
144436,1.540974497795105
126823,2.006045341491699
147871,1.1169090270996094
127553,1.045347809791565
160342,1.9047375917434692
121707,1.2978614568710327
147099,2.059468984603882
162466,1.2208870649337769
145789,1.5157246589660645
132637,2.039081573486328
129138,1.9172683954238892
122467,1.5982670783996582
119550,1.2678524255752563
129662,1.9337289333343506
124286,1.4652409553527832
133749,1.9461358785629272
160928,1.847893238067627
125270,1.5147258043289185
135659,1.192513108253479
144816,1.8165372610092163
145875,1.0116382837295532
151547,1.6862002611160278
242997,2.5414211750030518
137782,1.583875060081482
120237,1.2311347723007202
155551,2.072760581970215
122461,1.2961667776107788
127148,1.7642902135849
130001,1.8550678491592407
151737,1.1780037879943848
124178,1.4666433334350586
162296,1.1303192377090454
144345,1.520207166671753
119668,1.1708860397338867
126568,1.1527369022369385
120005,1.187709927558899
148295,1.1598340272903442
125424,0.6774545907974243
140747,1.5514789819717407
147895,0.9660548567771912
135002,2.0546960830688477
134713,1.8583465814590454
127849,0.6325423121452332
119749,1.1685975790023804
123213,1.9100271463394165
144501,1.046372890472412
119634,1.5657800436019897
142526,1.9108331203460693
127846,0.9752987027168274
138233,1.8101766109466553
123236,1.7192376852035522
129719,1.8111835718154907
126289,1.1374095678329468
145410,1.6626218557357788
123964,1.8195009231567383
137603,1.5641018152236938
129440,1.9808881282806396
126938,1.9091163873672485
143342,1.806147575378418
120110,1.6610779762268066
148042,1.1601046323776245
138663,1.8920108079910278
131284,1.8112709522247314
145905,0.733116626739502
122853,1.107598900794983
147345,1.7296552658081055
132245,2.1110477447509766
132652,2.0115392208099365
126082,1.9927505254745483
147223,1.9451162815093994
147125,2.197326898574829
132538,2.011639356613159
122476,1.62667715549469
142853,1.170452356338501
135352,1.7652868032455444
128277,1.6730955839157104
140688,1.8141781091690063
151398,0.9227345585823059
147256,1.367972731590271
148589,0.9020683169364929
132187,2.1056318283081055
123098,1.7573925256729126
122738,1.7421436309814453
131273,1.7751275300979614
135268,1.6714153289794922
147879,1.1213033199310303
122618,1.2850804328918457
157043,0.8010363578796387
157681,1.4957247972488403
120184,1.6315268278121948
122863,0.9223799109458923
120135,1.5680104494094849
158961,1.0405170917510986
134170,2.1261777877807617
132797,2.110112190246582
123374,1.0798215866088867
146878,2.1108624935150146
146839,1.8072617053985596
120004,2.2068099975585938
127099,1.4229143857955933
127702,2.1713435649871826
147627,1.8881295919418335
124566,1.674294114112854
135306,1.5672367811203003
161442,1.55608332157135
146910,1.8747856616973877
129688,1.9778456687927246
140790,2.0336499214172363
123783,1.9087352752685547
149209,1.5166860818862915
126666,1.6592878103256226
144479,1.0812675952911377
142228,1.1124540567398071
135133,1.7405201196670532
130630,1.5672262907028198
129814,2.004887104034424
145611,1.8470381498336792
144603,0.8624119162559509
123949,1.3275092840194702
147883,1.8491309881210327
138210,1.866277813911438
122831,1.1426697969436646
134233,2.2286946773529053
122810,1.9735935926437378
162402,1.2604156732559204
150837,1.8762438297271729
126630,0.9463538527488708
245235,1.698740839958191
143570,0.9353218078613281
146505,2.637305974960327
129148,2.15224027633667
142203,1.0929242372512817
126713,1.5710684061050415
152336,0.8809536099433899
145594,0.968869149684906
139270,1.601370096206665
132247,1.9850318431854248
134763,1.774163842201233
143112,1.5831537246704102
140345,1.5542142391204834
155189,0.9776404500007629
133810,2.312296152114868
121054,2.1407644748687744
161207,1.0283187627792358
125953,2.371081590652466
135610,1.9843095541000366
160789,1.4556574821472168
135744,1.946576476097107
136798,1.9205881357192993
128698,1.4868648052215576
126036,0.8107045888900757
144581,1.4507616758346558
122446,1.451430320739746
148146,1.1579896211624146
139074,1.521124005317688
120293,1.5604419708251953
138375,1.6659955978393555
145150,1.41338050365448
133364,2.049485445022583
155431,1.61116361618042
141289,1.9044638872146606
122958,1.564998745918274
256095,2.1870882511138916
146863,1.416351556777954
134319,1.932511329650879
144998,1.4722599983215332
140765,1.7750738859176636
142980,1.105717420578003
127089,1.4622023105621338
127972,1.5106099843978882
128487,1.7554093599319458
144550,1.075194239616394
119492,1.135075330734253
122879,1.018012523651123
127393,1.4036085605621338
129173,2.0790021419525146
127458,2.046031951904297
125745,1.4470986127853394
119452,2.5514075756073
138449,1.8731410503387451
135580,1.4917762279510498
120182,1.5900909900665283
142557,1.5240501165390015
128415,1.7791625261306763
126626,1.4318665266036987
140358,1.4804434776306152
146870,1.8963621854782104
138217,1.81606125831604
124868,2.2621681690216064
125452,2.0493276119232178
139194,0.9955488443374634
143582,1.518165111541748
132150,2.077955961227417
141049,1.7327111959457397
147963,0.9864436388015747
132173,2.025977849960327
142152,1.271448016166687
142574,1.6865344047546387
126764,2.1762237548828125
143345,1.4908300638198853
124474,1.114485263824463
122761,1.7006521224975586
129634,2.4806973934173584
123061,1.539781928062439
156360,0.9454789161682129
127843,0.6993833184242249
132626,2.023904323577881
124431,1.1360830068588257
147885,1.3664813041687012
160641,1.216312050819397
147665,1.64840567111969
125069,1.5363333225250244
138188,1.908521056175232
124764,1.6773056983947754
139607,1.5886118412017822
122653,1.5268958806991577
143238,1.5927724838256836
124579,1.8570255041122437
128608,1.7413266897201538
120144,1.3043357133865356
120443,1.7103676795959473
153378,1.134853482246399
140652,1.5564361810684204
141284,1.7591030597686768
122912,1.4202072620391846
120161,1.4152987003326416
155140,1.0120198726654053
156582,1.8398910760879517
155247,0.9894339442253113
148913,0.6170642971992493
138494,1.7238788604736328
124653,1.8294968605041504
160416,1.6928869485855103
132295,2.080305576324463
124594,1.7492262125015259
138707,1.5442792177200317
138610,1.7253608703613281
142571,1.42044198513031
145456,0.8268366456031799
133747,2.1118357181549072
139892,1.9266854524612427
160780,1.3431637287139893
128062,1.688943862915039
155246,1.0087733268737793
155131,1.2833811044692993
120210,1.5951659679412842
127511,1.0466562509536743
124285,1.6683610677719116
133497,2.246096611022949
138547,1.9171684980392456
157662,1.853978157043457
134663,2.092214345932007
155319,1.440687656402588
128255,1.6786030530929565
139347,1.5412014722824097
142820,1.5072649717330933
146939,1.7028820514678955
138904,1.3755542039871216
155833,1.5449305772781372
149185,1.3757193088531494
139210,0.9585369825363159
137653,1.775395393371582
134280,2.094306707382202
130534,2.046311140060425
149926,1.8380886316299438
124585,0.9446457028388977
119807,1.3137340545654297
141297,1.7159801721572876
140716,1.7079092264175415
148142,1.1555582284927368
127867,1.7635754346847534
134880,1.7416199445724487
143578,1.5560026168823242
147027,1.614721655845642
142395,1.0898181200027466
150370,1.6902127265930176
144487,0.8980976939201355
127465,1.6481389999389648
148884,0.676044762134552
126545,1.7925398349761963
122634,0.9508036375045776
144053,1.470693588256836
127541,1.7329620122909546
121219,1.7374155521392822
137025,1.9821031093597412
147666,2.061474084854126
120112,1.4629061222076416
140666,1.5176619291305542
119602,1.5806766748428345
142735,1.470192551612854
124836,1.5063289403915405
122837,1.377379059791565
123681,2.10322904586792
124737,1.2855749130249023
125402,1.4171810150146484
140764,1.710470199584961
135813,1.5413728952407837
120018,1.2040680646896362
148514,1.6139461994171143
142772,1.3562705516815186
119988,1.9081755876541138
122272,1.4004693031311035
127955,2.0392911434173584
160404,1.2795389890670776
124743,0.7202107310295105
127180,1.6350494623184204
126193,2.080454111099243
135092,1.652001142501831
142505,1.8176614046096802
131696,2.0758614540100098
142069,1.7231734991073608
158990,1.1380912065505981
143588,0.850941002368927
122860,1.3523387908935547
157052,0.9906029105186462
146882,1.743033766746521
124720,0.8892689347267151
119,1.8649616241455078
134491,1.6827651262283325
248872,2.5187299251556396
142723,1.0954402685165405
119660,1.232037901878357
145670,1.5733734369277954
132297,2.1624200344085693
136764,1.6513718366622925
137180,2.0224661827087402
139130,1.8481978178024292
145554,1.4652305841445923
148765,0.8132486939430237
130470,1.8716120719909668
134020,1.9073874950408936
119742,1.6144120693206787
147347,1.757538914680481
121772,1.9304931163787842
147893,1.2379099130630493
150431,1.7726432085037231
126664,2.0465009212493896
135050,1.805615782737732
149927,1.809043526649475
119937,1.5684776306152344
144302,1.1889517307281494
119588,1.468182921409607
147375,1.7816162109375
120360,1.0800862312316895
125752,1.2300324440002441
140911,1.9425060749053955
127,2.053028106689453
156590,1.387257695198059
148982,0.7809746265411377
124265,1.8442398309707642
125742,1.274553894996643
140400,1.3818408250808716
129038,1.7759875059127808
154791,1.9724103212356567
119591,1.3384089469909668
148966,0.7170472145080566
127969,1.7158002853393555
158888,1.3998223543167114
252542,2.5309078693389893
121672,1.6132652759552002
125497,1.678550362586975
126271,1.5273996591567993
124340,1.5113500356674194
134946,1.9997912645339966
137352,1.9173977375030518
150192,1.4263248443603516
126254,1.7719372510910034
244264,1.0926461219787598
129517,2.06180477142334
126287,2.2177724838256836
148162,1.4578458070755005
123071,1.51991605758667
148362,1.591356873512268
124640,1.0385335683822632
123904,2.1579973697662354
124508,1.3121088743209839
120035,1.7446845769882202
120963,1.7433151006698608
132176,2.0288546085357666
146429,1.7639082670211792
139120,1.8527905941009521
131606,2.251152276992798
134448,2.0653913021087646
137632,2.079836130142212
139199,1.6326574087142944
143085,1.4263601303100586
148965,0.6931329965591431
139002,1.5509930849075317
122515,1.7676507234573364
147248,1.8130147457122803
130565,1.9838966131210327
243733,1.605215311050415
127003,0.5216377377510071
120183,1.791107177734375
144337,1.3459148406982422
122785,1.02303147315979
159029,1.4639710187911987
139221,1.2423691749572754
146815,1.721695065498352
126285,1.8423460721969604
129143,2.286482572555542
121221,1.7367161512374878
138631,1.7464978694915771
152038,1.3719431161880493
143357,1.2933269739151
134250,2.008317708969116
125732,1.5757712125778198
160724,1.1140259504318237
135180,1.7327853441238403
140648,1.796327829360962
139053,1.4617388248443604
133722,2.0516748428344727
143078,1.4570232629776
147332,1.5891894102096558
128538,1.8515551090240479
120193,1.0976173877716064
137212,1.8746223449707031
145956,1.552752137184143
158653,1.9683451652526855
127101,1.4415758848190308
126011,1.4845420122146606
135188,1.7040293216705322
136269,1.5742446184158325
154896,1.7778187990188599
143572,0.9604408144950867
145602,1.8624093532562256
124544,1.8189866542816162
138502,1.6686763763427734
145747,1.8278597593307495
124821,1.2652796506881714
134415,2.1088366508483887
149868,1.1495882272720337
143081,1.487451195716858
138295,1.8426591157913208
135439,1.5750011205673218
144768,1.7000818252563477
250161,1.7830402851104736
139008,1.8092806339263916
119848,1.4074816703796387
134596,2.2357826232910156
132202,1.744659185409546
126541,1.61626398563385
162233,1.3611241579055786
146860,1.8727216720581055
136185,1.6918405294418335
131379,2.0441153049468994
122437,1.6286152601242065
143470,1.4216840267181396
135578,1.3891122341156006
131232,2.278571128845215
135444,1.8017370700836182
138066,1.6653950214385986
127583,1.4250693321228027
127963,1.8724232912063599
125774,1.8036868572235107
136632,1.2702032327651978
129174,2.276557683944702
142232,1.251314401626587
148955,1.054613709449768
134268,2.094029664993286
120947,1.8813369274139404
123788,34.8079833984375
160798,1.1370257139205933
143130,1.6147065162658691
162351,1.0932129621505737
119524,1.3581891059875488
131280,2.111578941345215
148740,2.0534720420837402
147105,2.0703535079956055
122475,1.2671880722045898
119959,2.0641064643859863
147344,1.8388513326644897
126280,1.5768154859542847
137337,1.8833428621292114
146955,1.3925644159317017
125977,1.2709743976593018
123326,1.7881176471710205
126965,0.8907149434089661
127067,1.1904274225234985
143436,1.9426630735397339
138492,1.569191813468933
155458,1.857248306274414
132463,2.381504774093628
139117,1.527861475944519
143266,1.7434072494506836
122438,1.087038516998291
149167,2.007749080657959
132243,2.0198731422424316
119657,1.5037212371826172
126939,1.3029112815856934
124856,1.6497581005096436
120138,0.8815188407897949
128078,1.6537362337112427
142600,1.0816066265106201
120054,1.565578818321228
142583,1.3207560777664185
137282,1.7338225841522217
134222,2.374694347381592
143828,1.3787310123443604
160268,1.4101996421813965
148945,0.6561887860298157
136257,0.8089202046394348
129631,1.8466063737869263
143330,1.7160283327102661
145621,1.4506309032440186
129871,2.0954744815826416
152659,1.1078674793243408
151212,1.0814980268478394
123016,1.4052703380584717
143300,1.5400054454803467
120400,1.0597611665725708
124780,1.728278636932373
144857,1.4821947813034058
126211,1.7031625509262085
147688,1.5542840957641602
127097,1.398850679397583
155593,1.610596776008606
145912,0.973324179649353
127238,2.138197422027588
123395,1.3400554656982422
159347,1.3799467086791992
241382,1.324433445930481
126800,0.8753449320793152
140727,1.5011521577835083
123989,1.152785301208496
156088,0.9370065927505493
151762,1.1193561553955078
148566,0.9374169111251831
123011,1.9505703449249268
120226,1.2594407796859741
146205,1.0212652683258057
147926,1.1547554731369019
125978,1.2325483560562134
125522,1.7572050094604492
128372,1.5060354471206665
136159,1.9894992113113403
146871,2.072105884552002
160822,1.1109510660171509
146268,1.1811968088150024
133604,2.205005407333374
132155,2.083935022354126
151894,1.6758333444595337
135266,1.9063984155654907
122339,1.7571183443069458
143144,1.5454074144363403
133846,1.913070797920227
119551,1.128875732421875
144863,1.5458141565322876
131934,1.5614241361618042
137082,2.5503933429718018
142563,1.0368541479110718
119683,1.10499107837677
145782,1.646689534187317
144467,1.0125688314437866
127977,1.787022590637207
119708,2.1251821517944336
130558,2.0798563957214355
155505,1.4187170267105103
145632,1.5607033967971802
141026,1.4868183135986328
141237,1.4589914083480835
124197,1.7042088508605957
122838,1.3329957723617554
135222,1.8113744258880615
123075,1.2610831260681152
120064,1.6045230627059937
134417,2.0283563137054443
147896,1.1112890243530273
140908,1.545192837715149
161052,1.1206870079040527
124457,1.4872301816940308
143296,1.9439442157745361
126783,1.245824933052063
120106,1.9306944608688354
120252,1.0705718994140625
120084,1.510968565940857
137184,1.8451169729232788
155196,1.1438279151916504
132151,2.1519901752471924
147010,2.1968531608581543
119741,2.0624196529388428
126484,1.6403909921646118
140570,1.8224354982376099
146906,1.9431788921356201
123333,1.5009393692016602
123109,1.3828380107879639
124880,1.184456467628479
127851,0.8359334468841553
134132,1.9178105592727661
126496,1.8128372430801392
120961,1.5169792175292969
142522,1.961619257926941
132108,1.6960314512252808
129135,2.37567138671875
138224,1.824805736541748
147351,1.7639787197113037
146922,1.6329100131988525
122984,1.2133783102035522
156853,1.8804985284805298
148272,0.8530529737472534
129227,2.36354660987854
147959,1.4900615215301514
143883,1.4198144674301147
149987,2.0648272037506104
120227,1.065307855606079
139328,1.5842317342758179
125845,1.1493827104568481
120126,2.090806484222412
133567,2.0449910163879395
125833,1.0391539335250854
139183,1.465239405632019
139119,1.4697469472885132
140801,1.6361933946609497
135428,1.4323008060455322
120195,1.4279673099517822
156078,0.8278501033782959
151175,0.9422875642776489
124682,1.3242597579956055
130152,2.1007800102233887
145695,1.6977696418762207
134390,2.124363660812378
58087,1.6624705791473389
144645,1.515430212020874
139222,1.4530470371246338
155437,1.5393898487091064
156334,1.1969372034072876
139073,1.5956721305847168
140444,1.447772741317749
145902,1.5466521978378296
119968,0.9354609847068787
119642,1.8892269134521484
119894,1.831168293952942
145591,1.6017651557922363
127219,1.511800765991211
134290,1.9107033014297485
130491,2.1418678760528564
128060,1.8405152559280396
126746,1.6566781997680664
123227,1.6816309690475464
124345,2.493985652923584
127701,1.7695529460906982
122839,1.617525339126587
150044,1.1190993785858154
149309,0.9878267645835876
157437,1.6027603149414062
126207,1.4850441217422485
120140,1.085059642791748
146840,1.9765304327011108
132316,1.9621189832687378
120014,1.7607688903808594
127026,1.4128692150115967
145152,1.3992081880569458
134519,2.0820019245147705
146858,1.7914475202560425
122796,1.9988495111465454
150107,1.4982880353927612
125017,0.8410235047340393
131275,2.0231449604034424
134696,2.1390483379364014
137120,2.014791488647461
148573,1.6957358121871948
244434,1.6549924612045288
120015,1.7677053213119507
140354,1.7169466018676758
120104,2.089761734008789
119720,2.047520160675049
128512,1.731719970703125
138713,1.8636281490325928
140777,1.695235013961792
120750,1.323245644569397
127068,0.9110237956047058
119576,1.4884265661239624
142721,1.0385860204696655
134312,1.755997896194458
134195,1.9704655408859253
131375,1.9195597171783447
144540,0.9790279269218445
143482,1.4770042896270752
257706,1.011722445487976
148835,0.8774943947792053
142520,1.887045979499817
156485,0.7734363675117493
134920,2.3800625801086426
121562,1.7504388093948364
148250,1.2195004224777222
144073,1.4582865238189697
124591,0.8402631878852844
130115,1.9972635507583618
122431,1.6958248615264893
122409,1.1411314010620117
138824,1.2298420667648315
136857,2.10364031791687
125649,1.4750741720199585
161841,1.913813591003418
139256,0.9324681162834167
130581,1.9248325824737549
133595,2.2064738273620605
161063,1.5623185634613037
140178,1.6720603704452515
129348,1.9799177646636963
125142,0.8552547693252563
129630,1.8996440172195435
142320,1.261901617050171
132172,1.9622747898101807
135242,1.4723045825958252
134171,2.1835405826568604
161552,0.9294812679290771
144875,1.2049368619918823
123243,2.242888927459717
119998,1.397951602935791
127835,2.0709471702575684
130567,2.0154621601104736
129182,2.0778236389160156
141282,1.6616212129592896
123679,1.9099769592285156
145431,1.422531247138977
126898,1.1925034523010254
142983,1.5151249170303345
160363,1.4971243143081665
139359,1.4266808032989502
134308,2.0311825275421143
158357,1.809305191040039
135254,1.5500521659851074
130643,1.726940393447876
127466,2.346039295196533
126508,0.8006105422973633
147048,2.0607895851135254
146827,2.0053887367248535
155193,1.0354886054992676
162363,1.1025439500808716
144477,1.1315401792526245
120399,1.0005130767822266
148952,0.865238606929779
129592,1.8765381574630737
139559,1.7751433849334717
146862,1.651718020439148
143593,1.5772082805633545
151977,1.326392650604248
145548,1.0119216442108154
135461,1.4812731742858887
133380,2.1853599548339844
136157,1.8329161405563354
137986,2.0462586879730225
148922,0.6843448281288147
159592,0.999905526638031
150008,0.9799742102622986
139197,0.9890292286872864
145660,1.4858484268188477
134307,2.038001537322998
124759,1.7564969062805176
127975,1.769539713859558
144581,1.6575368642807007
138826,1.8530253171920776
119479,1.3062725067138672
127965,1.781137466430664
129147,2.0398545265197754
124556,1.4882129430770874
120047,1.5520060062408447
153596,1.524994969367981
135351,1.6420427560806274
129189,1.8666385412216187
139196,1.0001553297042847
134258,2.2101848125457764
142537,1.9766569137573242
143276,1.1114646196365356
148946,0.7030475735664368
124486,1.5765713453292847
122765,2.4626595973968506
126948,1.6903783082962036
120147,1.1195597648620605
148158,1.0677634477615356
123264,1.8812870979309082
125420,0.6664217710494995
123201,2.095923662185669
144562,1.05400550365448
123838,1.5816848278045654
125766,0.9278255105018616
148559,2.056551218032837
144498,0.8495619893074036
124159,2.111754894256592
124316,1.8643279075622559
135121,1.795751690864563
124541,1.0541057586669922
137624,1.939316749572754
142990,1.0926084518432617
147066,1.6514170169830322
119703,2.157025098800659
257701,1.092879295349121
131664,2.0279319286346436
155973,1.4454154968261719
124629,1.995435357093811
161231,1.1729410886764526
148593,1.5894962549209595
154078,1.3179947137832642
122964,1.552149772644043
155468,2.1040666103363037
149018,1.0949515104293823
138184,1.8360813856124878
132623,2.004318952560425
130899,1.5472522974014282
160460,1.6058640480041504
148883,1.0453542470932007
139886,1.6933664083480835
140642,1.6130428314208984
129277,2.2449212074279785
124283,1.522857904434204
152778,2.1587729454040527
134428,2.016169309616089
143019,1.126055121421814
155469,1.820561170578003
122669,1.055801272392273
143320,1.7144238948822021
136088,1.964630365371704
148768,0.7053038477897644
120074,1.59883451461792
120033,1.7768046855926514
137712,1.9370460510253906
147296,1.6959842443466187
127093,1.4729650020599365
123943,1.538543462753296
143473,1.7598055601119995
137641,1.9583896398544312
124870,1.7433563470840454
134515,1.9296435117721558
126916,1.1632684469223022
120192,0.890605628490448
137637,1.7762725353240967
123059,1.612062692642212
147892,1.1845825910568237
143438,1.4881045818328857
259116,1.6369819641113281
140401,1.4958395957946777
146219,1.7867339849472046
119779,1.383676290512085
128242,1.911603331565857
143017,1.3034379482269287
159309,1.8056223392486572
144486,1.6376862525939941
147906,1.1761034727096558
139552,1.7237104177474976
250987,1.446433186531067
156650,2.1674787998199463
135490,2.0791141986846924
144756,0.8608949184417725
145722,1.7865605354309082
134299,1.9806536436080933
144548,0.9650512933731079
124656,1.4155035018920898
122493,1.3451958894729614
258618,1.1604019403457642
135090,1.5274685621261597
142962,2.019672155380249
139131,1.971926212310791
162476,1.161689043045044
124646,1.8122400045394897
137302,1.951270341873169
144352,1.433909296989441
147246,1.557008981704712
143156,1.2389705181121826
124770,1.5306528806686401
122174,1.378983736038208
123158,1.9091095924377441
150055,1.3585143089294434
145760,1.4232226610183716
138243,1.9584193229675293
126542,673.0136108398438
144778,1.6661620140075684
144718,1614.6754150390625
155194,1.1373603343963623
129199,2.046419858932495
162489,1.2981879711151123
125031,1.134832501411438
129677,2.1431660652160645
120788,1.6494005918502808
137869,1.6031646728515625
119638,1.4709659814834595
124765,1.6654446125030518
140474,1.623814344406128
119517,1.3755356073379517
128017,1.5268419981002808
148933,0.8021828532218933
140466,1.4118200540542603
123868,2.204364538192749
138641,1.825152039527893
147059,1.7314974069595337
137677,2.179699659347534
145821,1.6915899515151978
143248,1.5207592248916626
145650,1.4910403490066528
132551,2.1422159671783447
127295,2.0167744159698486
135520,1.7235831022262573
124183,0.8186174631118774
130583,2.0770750045776367
126213,1.2686010599136353
140976,1.757633924484253
129159,2.0168874263763428
154903,1.3545540571212769
145570,1.051527500152588
146821,2.0651111602783203
125737,1.4346472024917603
146925,1.4683371782302856
119738,1.7220563888549805
119990,2.1024746894836426
132943,1.9023693799972534
127908,1.83071768283844
123280,1.4761524200439453
147187,1.533202886581421
134169,2.046198844909668
127894,1.7436424493789673
132220,1.6833570003509521
143252,1.893418788909912
122986,1.4705214500427246
155609,1.6242496967315674
134330,1.9312950372695923
122495,1.4095271825790405
123968,1.5698693990707397
155432,1.6652097702026367
148836,1.065778374671936
148180,1.4257516860961914
126500,0.922202467918396
140812,1.6925455331802368
146817,0.9909289479255676
139350,1.3906246423721313
159190,0.8848728537559509
120167,1.9008405208587646
124808,1.7853432893753052
123281,1.4016019105911255
144459,1.847254991531372
146724,1.7906172275543213
119892,2.2919366359710693
134282,1.9914847612380981
144610,0.9264703989028931
119674,1.61764395236969
156307,0.9937734603881836
147331,1.203350305557251
145656,1.944543719291687
122458,1.538230061531067
139561,1.5271843671798706
134165,2.2787489891052246
145577,1.5799760818481445
127895,1.795159101486206
123760,1.7488348484039307
119670,1.1849673986434937
140743,1.730027198791504
138331,1.575120210647583
120257,0.5561866760253906
120068,1.9329440593719482
142169,1.6287565231323242
135449,1.8693029880523682
156352,1.801151990890503
130089,2.2805442810058594
132269,2.4131357669830322
131494,1.6087526082992554
126343,1.41835355758667
128239,1.741660475730896
140653,1.5460542440414429
146958,1.862172245979309
127478,1.4969083070755005
130095,1.9438890218734741
142647,1.8307862281799316
146883,1.5389111042022705
143638,1.501023769378662
127897,1.5206571817398071
120339,1.5217137336730957
140701,1.8395103216171265
138234,1.9076404571533203
134260,2.147979974746704
128015,1.450829029083252
145816,0.9896650314331055
124342,1.383641004562378
146932,1.7601548433303833
123155,1.804279088973999
144613,0.880159318447113
119688,2.0231142044067383
157736,1.6057360172271729
123256,1.7869592905044556
134146,2.1622040271759033
144704,1.4966108798980713
145575,1.7642121315002441
139473,1.6233508586883545
146824,2.070725917816162
123380,1.7053025960922241
143275,1.4971740245819092
150089,1.0033761262893677
151325,1.4114242792129517
123045,1.692544937133789
143458,1.9129939079284668
129284,1.8776545524597168
147685,1.6332991123199463
133377,2.026054859161377
148428,1.4065204858779907
124313,1.8593418598175049
147899,0.970599889755249
137098,1.8186734914779663
156673,1.5888361930847168
148803,0.9717214703559875
161455,0.9352664351463318
146894,1.827629804611206
143364,1.8332860469818115
135245,1.540690302848816
140934,1.783542513847351
132933,1.553921103477478
126215,0.7816211581230164
120250,1.5786553621292114
155234,1.003201961517334
140924,1.5557297468185425
119607,1.5790684223175049
128308,1.7660280466079712
119978,1.5901260375976562
132349,1.9155436754226685
150461,1.3809179067611694
138162,1.5213512182235718
123062,1.7537087202072144
120107,1.8330070972442627
138179,1.5930757522583008
155145,1.09945547580719
142929,1.6698132753372192
146707,1.9732131958007812
140700,1.8935421705245972
142972,1.5734328031539917
125244,1.516501545906067
137006,1.816144585609436
126846,1.9298824071884155
138655,1.8747291564941406
152682,2.006082773208618
143048,0.9649706482887268
134178,2.1389691829681396
123875,1.796681523323059
123492,0.4747144877910614
144197,2.3122551441192627
129209,2.052647113800049
139097,1.5309981107711792
124088,1.4645922183990479
132163,2.1772470474243164
127616,2.0346059799194336
135329,1.6315639019012451
148571,1.1431632041931152
121751,1.34415864944458
153301,1.460455298423767
137363,1.8462474346160889
122470,1.5068042278289795
127242,1.284501075744629
147984,1.2220605611801147
134464,1.8925045728683472
145549,1.2548128366470337
129505,2.0195493698120117
123865,1.0195187330245972
144537,553.8757934570312
132030,2.0653343200683594
145569,1.644184947013855
127095,1.4485849142074585
139034,1.7113696336746216
132270,2.0477352142333984
144761,0.7738828063011169
135129,1.9027386903762817
143247,1.866756558418274
145946,1.6938914060592651
123384,1.6159273386001587
120264,1.6911289691925049
135157,1.682266116142273
124597,1.9508966207504272
122841,1.4681137800216675
144177,0.937978208065033
138539,1.57851243019104
140693,1.9415920972824097
119678,1.3771342039108276
147960,1.2933118343353271
247198,1.1809083223342896
123545,1.830562949180603
147967,1.229949951171875
119907,1.9935017824172974
135658,1.2037466764450073
140695,2.0863945484161377
138992,1.4890918731689453
144683,1.669625163078308
144658,1.418466567993164
160142,1.0847290754318237
147377,1.6078592538833618
147787,1.294676423072815
125963,1.5536736249923706
155215,0.9684093594551086
138113,1.563530445098877
138591,1.8906947374343872
144593,0.8979114890098572
155138,1.2198572158813477
132287,2.0218636989593506
150492,0.9466775059700012
144006,1.5596691370010376
133720,2.235200881958008
123883,1.965086579322815
131932,1.5212689638137817
123787,1.0319392681121826
120390,2.025186538696289
123507,1.2404682636260986
126402,1.8572124242782593
120387,2.0476653575897217
135193,1.5328630208969116
128286,1.2447290420532227
148262,0.8725178241729736
129301,2.119222402572632
120057,1.2638227939605713
123052,1.8317919969558716
149020,1.1511892080307007
142519,1.3057835102081299
148761,0.9699411988258362
140977,1.6629573106765747
124019,1.7195976972579956
131201,2.2508232593536377
143077,1.666103720664978
137360,1.5626059770584106
160509,1.414323091506958
127151,1.5985667705535889
125363,1.3918331861495972
138432,1.9073669910430908
154306,1.0805147886276245
134928,1.784507155418396
140173,1.8366801738739014
260444,1.7330886125564575
136102,1.5940653085708618
122794,1.147487998008728
247679,1.4963985681533813
127227,1.7609440088272095
143162,1.5597673654556274
130575,1.7424492835998535
128356,1.7394026517868042
137043,1.7170093059539795
144612,0.9561643004417419
143279,1.642608404159546
143672,1.8139387369155884
143018,1.6330692768096924
138390,1.7188383340835571
141961,2.237795352935791
129287,1.6124786138534546
150720,1.8209161758422852
127545,1.8447253704071045
120955,1.1649640798568726
143922,1.7238978147506714
148928,0.8522285223007202
124711,2.1104373931884766
128084,1.8013190031051636
147915,1.0050159692764282
146898,1.704972505569458
136688,2.168067216873169
143235,1.15558922290802
126653,2.0679731369018555
150229,1.7321105003356934
132649,1.9165383577346802
127176,1.930551528930664
128231,1.2176258563995361
142602,2.0637922286987305
148885,1.1443597078323364
151221,1.7350517511367798
122685,1.508815884590149
151525,1.7058781385421753
125546,2.0620741844177246
147121,1.9747751951217651
146822,1.937367558479309
144316,1.3588120937347412
142742,1.2666109800338745
149026,1.5269103050231934
151997,1.5613324642181396
161459,0.6189039945602417
124620,1.5842145681381226
123539,1.5444905757904053
129761,1.9786134958267212
120022,1.5758823156356812
124294,1.3754457235336304
134714,1.9070507287979126
148030,1.0178799629211426
140429,1.3976775407791138
144952,0.9142736792564392
123827,1.5141167640686035
126681,1.7553025484085083
158028,1.204375982284546
149675,1.4297500848770142
126257,1.242611289024353
152035,1.292669653892517
123734,1.4282894134521484
140835,1.6346421241760254
149694,1.5163016319274902
129254,2.4037415981292725
124404,1.9137804508209229
130210,1.7579421997070312
146326,1.4220858812332153
136156,1.8034865856170654
133525,1.472138524055481
140418,1.5117946863174438
150591,1.0246998071670532
135162,1.5999845266342163
122063,1.3202461004257202
123196,1.440986156463623
119693,1.2097219228744507
157742,1.8007055521011353
160136,1.5501059293746948
147700,1.7076994180679321
145662,1.626198649406433
141223,1.592267394065857
134186,2.3002350330352783
157086,1.6529138088226318
142996,1.1060817241668701
127486,1.6146968603134155
123255,1.6944447755813599
151344,1.509835958480835
155141,1.07003653049469
133043,1.8161076307296753
137975,2.0052294731140137
145412,1.6521223783493042
132117,2.1815385818481445
119914,1.7851192951202393
132195,1.9729193449020386
144877,1.3953777551651
144678,1.616969347000122
119877,1.573297142982483
155174,1.1008360385894775
122631,1.3788440227508545
156523,0.8309037685394287
159564,0.9925668239593506
161492,1.4962208271026611
143501,1.4917670488357544
142293,1.42813241481781
128010,1.582095980644226
141450,1.8306920528411865
140554,1.8125452995300293
144438,1.5491234064102173
140715,1.813376545906067
122815,2.058420419692993
136493,1.8964556455612183
137623,1.7351562976837158
137638,1.8772145509719849
138187,1.8787628412246704
126605,1.4953278303146362
122920,1.9964929819107056
254263,1.1757057905197144
122875,1.9319571256637573
128114,1.9420443773269653
130051,1.793076992034912
122966,1.6677436828613281
119709,1.4468334913253784
142341,1.4168881177902222
127944,1.7402985095977783
120752,1.3220064640045166
143140,1.4941034317016602
138379,1.7169431447982788
146880,2.2934458255767822
151733,1.4424383640289307
123774,1.4331470727920532
143108,1.6115249395370483
124257,1.656087040901184
139174,1.6263892650604248
138253,1.410763144493103
119924,1.702974557876587
144502,1.0752509832382202
148610,0.9416147470474243
144757,0.8310191035270691
122859,1.24056875705719
137240,2.342275619506836
130777,2.011920690536499
127022,1.7859371900558472
140615,1.551169753074646
137817,1.9387403726577759
155209,1.1526038646697998
148452,2.099759340286255
257746,1.5982862710952759
122651,1.6324326992034912
122466,1.0828239917755127
148624,1.0581839084625244
147904,1.119182825088501
122099,1.3425143957138062
139200,1.0615383386611938
146855,1.756992220878601
126547,1.663305401802063
122484,0.8075867295265198
158613,1.644452452659607
143381,1.6967657804489136
120076,1.3307465314865112
124540,1.4089064598083496
130195,2.0113484859466553
148568,0.9911695122718811
146807,1.4579989910125732
128531,1.6610301733016968
151580,0.9590587019920349
141860,1.47150719165802
148176,1.690965175628662
139307,1.3167989253997803
122473,0.9842923879623413
126586,1.9147155284881592
136744,1.7063995599746704
125541,1.7092634439468384
140776,1.7847373485565186
124605,2.0313780307769775
126631,0.897795557975769
243299,1.1102460622787476
120799,202.77633666992188
128218,1.5049480199813843
124211,1.8670895099639893
140705,1.9292174577713013
124146,1.7116247415542603
134916,2.1289875507354736
120230,0.9676693677902222
143952,1.8688571453094482
120787,1.5598795413970947
135211,2.1409752368927
148071,1.2692921161651611
152000,1.163473129272461
132120,1.576064944267273
143065,1.455642819404602
162298,1.2404168844223022
159040,1.2362661361694336
150413,1.583228349685669
148299,1.1721094846725464
138124,1.6459587812423706
127331,0.8309085369110107
137213,1.7960422039031982
125598,1.5392756462097168
142637,1.2749067544937134
122734,1.2521833181381226
150605,1.9284714460372925
154380,1.250887393951416
128771,1.624809980392456
137372,1.8654545545578003
147167,1.6160402297973633
142508,1.739247441291809
150945,1.071600317955017
137243,1.7796941995620728
243435,1.7445263862609863
125430,1.7549524307250977
125063,0.7645906209945679
124188,2.5739333629608154
119704,1.609692931175232
139315,1.430866003036499
123998,0.9367465376853943
146933,1.8872464895248413
146131,1.0571365356445312
123690,1.006127953529358
127103,1.8287732601165771
139030,1.5412237644195557
120026,1.7907248735427856
138317,1.8836127519607544
144572,0.8973801732063293
137757,1.9019852876663208
119800,1.5528658628463745
123934,1.4762587547302246
148734,1.6925681829452515
146984,1.7159390449523926
148166,1.123764991760254
129782,1.7663153409957886
143070,1.516535997390747
244594,1.7106221914291382
143086,1.6156812906265259
155386,1.8456754684448242
148569,1.0757356882095337
129827,2.1303043365478516
145568,1.0301165580749512
144881,1.340194582939148
121261,1.6852920055389404
153438,1.6874185800552368
139792,1.7683895826339722
122779,1.8977800607681274
142562,1.7182834148406982
158667,1.306240439414978
136131,1.6493713855743408
120310,2.0661678314208984
148169,1.1985787153244019
124717,1.8962671756744385
143444,1.5567511320114136
143287,1.5641816854476929
139708,1.6335058212280273
124628,2.1720292568206787
139878,1.7452632188796997
129902,2.140369415283203
126375,1.0409135818481445
125241,1.2185227870941162
129314,2.5617544651031494
119700,1.695960521697998
138240,1.624957799911499
122480,1.6911817789077759
125030,1.5890275239944458
123524,1.6300097703933716
145542,1.036296010017395
132325,1.6930423974990845
128424,1.723718285560608
135244,1.4969087839126587
120281,2.0403149127960205
126568,1.2774206399917603
157411,1.5687812566757202
144594,0.8721961379051208
155181,0.9946169257164001
138229,1.87501859664917
146902,1.7373980283737183
